"exam_name","exam_type","class_section","exam_period_from","exam_period_to","class_strength","class_teacher_name","subject","highest_marks","average_marks","less_than_40","40_to_50","50_to_60","60_to_75","75_to_90","more_than_90","subject_teacher","no_students_passed","detained","advised_for_improvement","date"
"HALF-YEARLY 2026-27","HALF-YEARLY","XI D","","","51","","English","66","48.49","2","8","10","23","7","0","","47","4","6",""
"HALF-YEARLY 2026-27","HALF-YEARLY","XI D","","","51","","Hindi","","","","","","","","","","47","4","6",""
"HALF-YEARLY 2026-27","HALF-YEARLY","XI D","","","51","","Sanskrit","","","","","","","","","","47","4","6",""
"HALF-YEARLY 2026-27","HALF-YEARLY","XI D","","","51","","Mathematics","","","","","","","","","","47","4","6",""
"HALF-YEARLY 2026-27","HALF-YEARLY","XI D","","","51","","Science","","","","","","","","","","47","4","6",""
"HALF-YEARLY 2026-27","HALF-YEARLY","XI D","","","51","","Physics","","","","","","","","","","47","4","6",""
"HALF-YEARLY 2026-27","HALF-YEARLY","XI D","","","51","","Chemistry","","","","","","","","","","47","4","6",""
"HALF-YEARLY 2026-27","HALF-YEARLY","XI D","","","51","","Biology","","","","","","","","","","47","4","6",""
"HALF-YEARLY 2026-27","HALF-YEARLY","XI D","","","51","","Social Sc.","","","","","","","","","","47","4","6",""
"HALF-YEARLY 2026-27","HALF-YEARLY","XI D","","","51","","Accountancy","74","39.12","16","12","4","9","8","1","","47","4","6",""
"HALF-YEARLY 2026-27","HALF-YEARLY","XI D","","","51","","B. St.","79","45.45","11","8","9","9","9","4","","47","4","6",""
"HALF-YEARLY 2026-27","HALF-YEARLY","XI D","","","51","","Economics","75","41.29","15","7","11","12","4","1","","47","4","6",""
"HALF-YEARLY 2026-27","HALF-YEARLY","XI D","","","51","","Physical Edu.","67","45.02","4","5","8","21","10","2","","47","4","6",""
"HALF-YEARLY 2026-27","HALF-YEARLY","XI D","","","51","","A.I.","41","28.38","5","2","4","10","4","0","","47","4","6",""
"HALF-YEARLY 2026-27","HALF-YEARLY","XI D","","","51","","","","","","","","","","","","47","4","6",""
